{
  "mono": 2.60396106621129,
  "smooth": 2.0232154161970684,
  "corner": 16.485024670244965,
  "empty": 0.25541818116753734
}